<?xml version="1.0" encoding="UTF-8" standalone="yes" ?>
<addon id="plugin.video.misiamoiatdom" name="Misiq Moqt Dom" version="1.00" provider-name="Johnie">
 <requires>
     <import addon="xbmc.python" version="2.1.0"/>
 </requires>
 <extension point="xbmc.python.pluginsource" library="default.py">
     <provides>video</provides>
 </extension>
 <extension point="xbmc.addon.metadata">
     <summary lang="bg">Приставка за съдържание при поискване от Мисия моят дом</summary>
     <summary lang="en">Addon for VOD from Misiqmoqtdom</summary>
    <description lang="bg">Приставка за съдържание при поискване от MMD. Препоръчително е използването на широколентова интернет връзка!</description>
     <description lang="en">Addon for watching on demand videos from MMD. Broadband internet connection is recomended!</description>
     <disclaimer lang="bg">Някои елементи на тази приставка, може да не са легални в държавата ви - проверете и инсталирайте на ваша отговорност.</disclaimer>
     <disclaimer lang="en">Some parts of this addon may not be legal in your country of residence - please check with your local laws before installing.</disclaimer>
     <language>bg,en</language>
     <platform>all</platform>
     <forum></forum>
     <website></website>
     <email></email>
 </extension>
</addon>
